fish_number,fish_id,treatment,tank_id,sex,body_mass_before,body_mass_after,body_mass,body_length,trial,distance_cm,freezing_s,refuge_duration_s,velocity_cm.s,total_wbc,n.l_ratio
1,1T2C,control,2,male,0.697,0.673,0.673,3.3,Trial 1,2529.73,859.62,437.6,1.77717,31,0.666666667
2,2T2C,control,2,female,0.424,0.424,0.424,2.75,Trial 1,55.39,397.96,0,1.80E-15,33,0.149425287
3,3T2C,control,2,female,0.624,0.581,0.581,3.3,Trial 8,1059.66,1054.9,33.62,0.086199,28,0.315789474
4,4T2C,control,2,female,0.629,0.614,0.614,3.25,Trial 14,76.443,465.14,0,0.020424,33,0.428571429
5,5T2C,control,2,male,1.003,0.974,0.974,3.78,Trial 35,3237.31,780.9,567.08,1.44,14,0.265822785
6,6T2C,control,2,female,0.573,0.555,0.555,3.1,Trial 28,1195.33,944.88,102.02,0.656764,17,0.149425287
7,7T17L,low,17,male,0.909,0.916,0.916,3.85,Trial 1,1829.03,898.38,498.96,0.492649,24,0.086956522
8,8T17L,low,17,male,0.804,0.772,0.772,3.5,Trial 8,623.028,1015.56,924.98,2.22144,27,0.111111111
9,9T17L,low,17,female,0.655,0.601,0.601,3.25,Trial 35,263.736,1196.2,0,0.098582,22,0.086956522
10,10T17L,low,17,male,1.026,0.992,0.992,3.95,Trial 14,3335.94,633.4,15.64,1.02903,33,0.190476191
11,11T17L,low,17,female,0.631,0.57,0.57,3.2,Trial 21,1021.24,1098.46,939.2,2.77995,15,0.098901099
12,12T17L,low,17,female,0.597,0.549,0.549,3.21,Trial 28,564.764,1083.86,0,2.08047,25,0.25
13,13T3H,high,3,male,0.573,0.511,0.511,3.1,Trial 1,1902.22,892.66,335.64,1.26008,21,0.086956522
14,14T3H,high,3,male,0.832,0.753,0.753,3.5,Trial 8,2052.42,812.72,152.32,0.516868,29,0.162790698
15,15T3H,high,3,male,0.452,0.425,0.425,2.78,Trial 14,2321.37,684.1,37.32,1.00087,28,0.162790698
16,16T3H,high,3,female,0.687,0.638,0.638,3.28,Trial 28,799.901,1123.34,300.04,0.376755,27,0.098901099
17,17T3H,high,3,male,0.838,0.802,0.802,3.65,Trial 21,1748.62,916.84,176.8,0.721835,23,0.086956522
18,18T3H,high,3,male,0.759,0.727,0.727,3.42,Trial 35,2081.62,873.28,202.14,0.346371,27,0.162790698
19,19T6C,control,6,female,0.543,0.522,0.522,3.11,Trial 21,1016.47,1086.32,526.66,1.09014,20,0.265822785
20,20T6C,control,6,male,0.771,0.686,0.686,3.4,Trial 21,538.432,1178.8,536.38,0.236179,27,0.204819277
21,21T6C,control,6,male,1.166,1.122,1.122,3.95,Trial 28,551.276,1172.22,0,0.851462,48,0.098901099
22,22T6C,control,6,female,0.688,0.53,0.53,3.1,Trial 35,929.253,789.5,435.44,1.36538,55,0.176470588
23,23T6C,control,6,female,0.728,0.673,0.673,3.3,Trial 8,44.5166,1197.36,1169.3,1.30E-15,23,0.086956522
24,24T6C,control,6,male,0.455,0.397,0.397,2.8,Trial 14,790.816,1039.02,218.88,0.879245,40,0.351351351
25,25T18L,low,18,male,0.945,0.927,0.927,3.7,Trial 2,472.199,785.58,460.24,2.39253,27,0.111111111
26,26T18L,low,18,female,0.567,0.548,0.548,3.1,Trial 9,424.873,1159.42,442.66,0.702168,37,0.234567901
27,27T18L,low,18,female,0.804,0.744,0.744,3.45,Trial 15,3742.84,664.1,374.52,1.00782,41,0.063829787
28,28T18L,low,18,female,0.624,0.599,0.599,3.25,Trial 22,2646.66,714.88,55.36,1.35233,39,0.098901099
29,29T18L,low,18,female,0.675,0.646,0.646,3.38,Trial 36,185.838,1170.78,442.6,0.212383,23,0.162790698
30,30T18L,low,18,male,0.836,0.809,0.809,3.49,Trial 29,1797.96,918.16,322.28,0.142229,18,0.190476191
31,31T5H,high,5,male,0.911,0.882,0.882,3.6,Trial 2,1008.75,1061.6,415.9,1.14969,30,0.01010101
32,32T5H,high,5,male,0.828,0.799,0.799,3.65,Trial 9,102.67,560.42,284.98,0.493804,34,0.098901099
33,33T5H,high,5,male,0.564,0.53,0.53,3.1,Trial 29,116.629,920.94,890,1.35129,40,0.098901099
34,34T5H,high,5,male,0.556,0.522,0.522,3.1,Trial 36,1282.35,830.94,100.58,0.707699,48,0.149425287
35,35T5H,high,5,male,0.924,0.874,0.874,3.61,Trial 22,2003.93,879.18,366.14,0.591493,29,0.190476191
36,36T5H,high,5,female,0.603,0.571,0.571,3.12,Trial 15,580.894,1105.1,850.98,2.24846,21,0.111111111
37,37T10C,control,10,male,0.745,0.709,0.709,3.51,Trial 2,406.917,1177.98,153.2,0.531363,21,0.265822785
38,38T10C,control,10,female,0.49,0.474,0.474,3.1,Trial 9,734.789,1139.08,575.98,0.880334,78,0.298701299
39,39T10C,control,10,male,0.929,0.859,0.859,3.72,Trial 15,795.847,1096.82,294.42,1.00631,47,0.162790698
40,40T10C,control,10,male,0.624,0.562,0.562,3.2,Trial 22,2958.87,819.44,496.7,0.587785,45,0.219512195
41,41T10C,control,10,female,0.787,0.736,0.736,3.49,Trial 29,2442.92,728.58,47.62,3.74399,41,0.204819277
42,42T10C,control,10,male,0.537,0.525,0.525,3.12,Trial 36,560.334,1142.7,0,1.01247,32,0.111111111
43,43T22L,low,22,male,0.797,0.791,0.791,3.6,Trial 2,497.422,1176.94,73.3,1.58531,30,0.149425287
44,44T22L,low,22,male,0.893,0.826,0.826,3.6,Trial 15,2.82E-12,1200,1200.02,0.21143,28,0.219512195
45,45T22L,low,22,male,0.655,0.602,0.602,3.35,Trial 29,2385.27,811.5,0,0.092298,45,0.041666667
46,46T22L,low,22,male,0.63,0.604,0.604,3.31,Trial 9,1545.82,674.06,171.36,0.470987,14,0.098901099
47,47T22L,low,22,female,0.623,0.554,0.554,3.21,Trial 22,1648.02,978.58,512.22,2.32097,31,0.086956522
48,48T22L,low,22,female,0.675,0.625,0.625,3.29,Trial 36,1477.1,947.42,18.06,1.71153,32,0.149425287
49,49T14H,high,14,female,0.669,0.627,0.627,3.45,Trial 3,2738.42,795.74,245.62,1.01812,59,0.25
50,50T14H,high,14,female,0.688,0.674,0.674,3.39,Trial 10,146.365,1197.28,213.48,2.20699,24,0.25
51,51T14H,high,14,male,0.837,0.788,0.788,3.49,Trial 30,1233.96,1042.94,0,0.892715,25,0.098901099
52,52T14H,high,14,female,0.454,0.429,0.429,2.75,Trial 16,1276.78,990.5,16.8,2.07339,53,0.176470588
53,53T13H,high,14,female,0.467,0.451,0.451,3.05,Trial 37,63.7752,942.22,935.2,0.071985,30,0.086956522
54,54T14H,high,14,male,0.802,0.774,0.774,3.5,Trial 37,2322.79,771.02,251.58,1.71035,43,0.162790698
55,55T11C,control,11,male,0.486,0.436,0.436,2.98,Trial 3,1821.4,950.88,386.7,1.86877,36,0.123595506
56,56T11C,control,11,female,1.123,1.062,1.062,3.75,Trial 10,2371.93,737.84,6.86,1.03233,28,0.052631579
57,57T11C,control,11,male,0.619,0.594,0.594,3.22,Trial 23,1191.08,1031.8,32.36,2.40515,38,0.149425287
58,58T11C,control,11,female,1.25,1.125,1.125,3.95,Trial 37,565.382,1151.44,53.78,1.88932,29,0.587301587
59,59T11C,control,11,female,0.533,0.514,0.514,2.95,Trial 30,925.216,1076.8,44.56,0.233943,32,0.098901099
60,60T11C,control,11,female,0.478,0.456,0.456,3.1,Trial 16,1790.96,588.3,363.92,1.01399,29,0.219512195
61,61T24L,low,24,female,0.408,0.392,0.392,2.8,Trial 3,1484.08,937.64,107.52,0.978872,33,0.063829787
62,62T24L,low,24,female,0.724,0.643,0.643,3.35,Trial 37,2795.34,684.5,259.04,1.93448,35,0.298701299
63,63T24L,low,24,male,1.117,1.05,1.05,3.8,Trial 16,2248.92,873.94,433.4,0.666584,38,0.282051282
64,64T24L,low,24,male,0.636,0.59,0.59,3.3,Trial 10,1959.84,845.84,242.96,1.45726,35,0.298701299
65,65T24L,low,24,male,0.677,0.623,0.623,3.35,Trial 23,1745,1043.2,330.06,1.73469,44,0.315789474
66,66T24L,low,24,male,0.867,0.829,0.829,3.7,Trial 30,1413.62,975.16,35.14,0.847133,45,0.612903226
67,67T19H,high,19,female,0.562,0.514,0.514,3.12,Trial 3,153.304,1193.32,612.36,2.10821,38,0.282051282
68,68T19H,high,19,female,0.561,0.513,0.513,2.8,Trial 10,1660.53,877.76,24.04,0.448693,50,0.190476191
69,69T19H,high,19,male,0.523,0.507,0.507,3.12,Trial 30,59.9562,253.1,193.58,0.459396,31,0.075268817
70,70T19H,high,19,female,0.337,0.307,0.307,2.58,Trial 23,1484.97,1040.12,615.7,1.00566,36,0.176470588
71,71T19H,high,19,male,1.236,1.095,1.095,3.92,Trial 23,2374.08,866.88,208.12,0.037097,36,0.149425287
72,72T19H,high,19,male,0.759,0.731,0.731,3.43,Trial 16,,,,0.708591,31,0.136363636
73,73T13C,control,13,female,0.573,0.5009,0.5009,3,Trial 31,827.488,1047.34,0,0.578604,35,0.098901099
74,74T13C,control,13,male,0.711,0.683,0.683,3.4,Trial 24,62.106,773.06,0,0.354061,13,0.492537313
75,75T3C,control,13,male,1.292,1.281,1.281,4.09,Trial 4,55.8402,1196.6,1150.74,3.22564,33,0.149425287
76,76T3C,control,13,female,0.452,0.435,0.435,2.95,Trial 4,382.795,1165.52,863.1,2.22364,22,0.176470588
77,77T13C,control,13,female,0.71,0.681,0.681,3.38,Trial 11,292.265,1187.92,663.24,0.157231,39,0.052631579
78,78T13C,control,13,male,1.15,1.129,1.129,3.95,Trial 17,126.987,793.44,778.86,0.139017,51,0.149425287
79,79T3C,control,13,female,0.772,0.731,0.731,3.5,Trial 11,569.224,1157.18,472.26,1.50467,19,0.149425287
80,80T1L,low,1,male,1.031,1.005,1.005,3.5,Trial 4,2642.68,747.12,199.14,0.840654,32,0.25
81,81T1L,low,1,female,0.54,0.5087,0.5087,3.3,Trial 31,307.036,1173.82,0.74,0.181479,33,0.369863014
82,82T1L,low,1,male,0.805,0.7376,0.7376,3.4,Trial 24,2052.4,875.54,291.76,0.125534,39,0.052631579
83,83T1L,low,1,female,1.016,0.961,0.961,3.88,Trial 17,770.743,673.4,347.54,1.21162,32,0.369863014
84,84T1L,low,1,female,0.423,0.377,0.377,2.8,Trial 11,1618.45,983,636.44,1.67005,44,0.149425287
85,85T1L,low,1,female,0.46,0.4208,0.4208,3,Trial 31,1869.81,907.42,484.98,0.51362,25,0.408450704
86,86T1L,low,1,female,0.652,0.611,0.611,3.32,Trial 17,823.763,890.2,187.46,0.339097,25,0.333333333
87,87T7H,high,7,male,0.637,0.607,0.607,3.07,Trial 17,341.201,930.4,207.74,0.612324,35,0.25
88,88T7H,high,7,female,0.456,0.429,0.429,2.7,Trial 4,2951.66,755.8,190.46,0.663206,26,0.219512195
89,89T7H,high,7,male,0.488,0.434,0.434,3.15,Trial 31,1596.54,877.24,375.72,0.883047,34,0.282051282
90,90T7H,high,7,female,0.878,0.7647,0.7647,3.55,Trial 24,1155.01,1094.62,498.42,2.46573,30,0.162790698
91,91T7H,high,7,male,0.698,0.6571,0.6571,3.45,Trial 24,1.26E-12,1200,1200.02,2.06446,38,0.234567901
92,92T7H,high,7,male,0.614,0.601,0.601,3.22,Trial 11,123.328,1199.86,0,0.466945,36,0.333333333
93,93T7H,high,7,male,0.713,0.6488,0.6488,3.35,Trial 38,561.784,1124.38,0,0.414518,35,0.351351351
94,94T16C,control,16,female,0.786,0.735,0.735,3.42,Trial 32,591.145,697.42,217.64,2.35E-15,,
95,95T16C,control,16,male,0.966,0.962,0.962,3.66,Trial 25,1015.57,1126.66,432.56,2.02101,,
96,96T16C,control,16,female,0.415,0.403,0.403,2.73,Trial 18,2865.25,839.54,543.52,1.6531,,
97,97T16C,control,16,female,0.458,0.438,0.438,2.98,Trial 5,584.272,1151.78,0.54,1.37335,40,0.234567901
98,98T16C,control,16,male,0.857,0.836,0.836,3.65,Trial 5,111.333,1067.48,579.26,1.23092,25,0.234567901
99,99T16C,control,16,male,0.896,0.87,0.87,3.6,Trial 25,396.645,1081.9,729.94,2.28217,28,0.149425287
100,100T16C,control,16,male,0.871,0.859,0.859,3.58,Trial 12,2132.61,856,257.36,0.164684,35,0.298701299
101,101T4L,low,4,male,1.14,1.082,1.082,3.91,Trial 18,2.16E-12,1200,1200.02,0.121971,31,0.333333333
102,102T4L,low,4,female,1.258,1.231,1.231,4,Trial 5,103.438,1199.64,0,1.02837,36,0.149425287
103,103T4L,low,4,male,0.777,0.735,0.735,3.45,Trial 25,20.7632,1014.84,1004.72,1.06419,,
104,104T4L,low,4,male,0.752,0.717,0.717,3.48,Trial 39,1.73E+03,918.46,177.28,0.067456,,
105,105T4L,low,4,male,1.017,0.971,0.971,3.68,Trial 12,788.117,1075.72,380.52,1.93573,28,0.265822785
106,106T4L,low,4,female,0.549,0.512,0.512,3.1,Trial 12,591.178,1140.56,271.64,1.51806,32,0.041666667
107,107T4L,low,4,male,0.704,0.667,0.667,3.4,Trial 32,2665.19,774.28,0,1.97661,,
108,108T12H,high,12,female,0.873,0.7384,0.7384,3.49,Trial 25,118.298,1192.92,995.48,0.992569,27,0.111111111
109,109T12H,high,12,male,0.837,0.835,0.835,3.58,Trial 12,1234.8,1046.76,282.84,0.471152,,
110,110T12H,high,12,male,1.283,1.187,1.187,3.94,Trial 5,2496.56,851.98,280.68,0.771013,26,0.136363636
111,111T12H,high,12,female,0.524,0.428,0.428,2.97,Trial 32,1499.22,918.32,497.5,2.69825,,
112,112T12H,high,12,female,0.451,0.443,0.443,3.05,Trial 32,620.241,1099.04,624.88,2.2921,45,0.219512195
113,113T12H,high,12,male,0.887,0.844,0.844,3.7,Trial 18,1201.05,1022.56,676.66,1.23673,,
114,114T12H,high,12,female,0.905,0.861,0.861,3.61,Trial 18,261.4,671.56,0,2.32945,,
115,115T21C,control,21,male,0.625,0.5587,0.5587,3.19,Trial 26,833.748,1099.2,672.72,1.90577,25,0.234567901
116,116T21C,control,21,male,0.983,0.969,0.969,3.8,Trial 26,352.973,1001.08,0.04,1.63337,30,0.333333333
117,117T21C,control,21,male,0.564,0.501,0.501,3.05,Trial 13,1307.97,1053.52,694.6,1.45417,57,0.176470588
118,118T21C,control,21,female,0.493,0.442,0.442,2.95,Trial 6,269.64,1119.8,998.96,1.17807,34,0.492537313
120,120T21C,control,21,female,0.55,0.449,0.449,2.97,Trial 19,1638.46,880.5,41.34,0.127754,,
121,121T21C,control,21,male,0.532,0.489,0.489,2.95,Trial 6,1.56E-12,1200,1200.02,1.38377,,
122,122T8L,low,8,male,0.68,0.608,0.608,3.21,Trial 6,1055.09,1056.06,292.46,0.234461,55,0.190476191
123,123T8L,low,8,female,0.678,0.653,0.653,3.4,Trial 26,2848.98,791.22,301.26,1.03089,17,0.5625
124,124T8L,low,8,male,0.563,0.493,0.493,3.08,Trial 19,842.602,1103.06,936.92,1.23747,,
125,125T8L,low,8,male,0.567,0.517,0.517,3.05,Trial 13,1209.39,1057.64,417.96,1.9784,50,0.190476191
126,126T8L,low,8,female,0.694,0.657,0.657,3.43,Trial 13,1622.79,926.8,339.94,,39,0.162790698
127,127T8L,low,8,female,0.36,0.352,0.352,2.75,Trial 33,253.33,1179.24,0,0.737577,30,0.176470588
128,128T8L,low,8,male,0.524,0.532,0.532,3.19,Trial 33,144.914,1018.82,0,0.080288,23,0.136363636
129,129T15H,high,15,female,0.478,0.439,0.439,2.9,Trial 13,1003.18,727.02,209.72,0.046534,,
130,130T15H,high,15,female,1.357,1.326,1.326,4.22,Trial 6,1329.21,741.44,159.28,0.318996,38,0.162790698
131,131T15H,high,15,male,0.538,0.5166,0.5166,3.17,Trial 26,849.238,1104.68,119.28,0.243554,31,0.162790698
132,132T15H,high,15,female,0.753,0.769,0.769,3.55,Trial 33,668.955,1043.24,0,0.158548,21,0.111111111
133,133T15H,high,15,male,0.416,0.362,0.362,2.6,Trial 19,2686.05,946.06,608.22,0.474354,25,0.204819277
134,134T15H,high,15,female,0.792,0.778,0.778,3.68,Trial 19,325.938,586.84,146.76,1.52419,32,0.111111111
135,135T15H,high,15,female,0.675,0.659,0.659,3.3,Trial 33,1056.31,1046.24,677.08,2.20223,,
136,136T23C,control,23,female,0.807,0.766,0.766,3.55,Trial 34,603.686,541,0,0.25947,,
137,137T23C,control,23,female,0.656,0.61,0.61,3.25,Trial 27,693.869,1157.86,523.58,1.71993,26,0.282051282
138,138T23C,control,23,female,0.615,0.563,0.563,3.3,Trial 7,4490.92,504.08,78.42,1.03857,16,0.204819277
139,139T23C,control,23,male,0.718,0.667,0.667,3.45,Trial 42,1214.97,1066.24,127.12,1.34875,57,0.123595506
140,140T23C,control,23,male,0.721,0.671,0.671,3.43,Trial 27,244.417,1137.04,694.68,1.55846,,
141,141T23C,control,23,male,0.816,0.779,0.779,3.5,Trial 20,110.757,1189.7,1122.06,0.845354,45,0.098901099
142,142T23C,control,23,male,0.644,0.58,0.58,3.25,Trial 7,565.185,1158.56,588.22,0.36356,44,0.111111111
143,143T9L,low,9,female,0.781,0.712,0.712,3.43,Trial 7,2784.97,709.4,125.7,2.58877,26,0.282051282
144,144T9L,low,9,female,0.876,0.766,0.766,3.47,Trial 34,2053.84,823.18,13.06,1.47057,22,0.123595506
145,145T19L,low,9,male,0.578,0.561,0.561,3.25,Trial 20,1221.36,1019.12,473.32,0.580956,,
146,146T9L,low,9,male,0.662,0.628,0.628,3.25,Trial 42,2648.26,786.94,408.8,0.962607,42,0.176470588
147,147T9L,low,9,female,0.62,0.579,0.579,3.08,Trial 42,909.765,889.92,480.44,1.05E-15,32,0.190476191
148,148T9L,low,9,female,0.583,0.535,0.535,3.1,Trial 41,2488.06,726.46,17.5,0.102773,23,0.190476191
149,149T9L,low,9,female,0.438,0.414,0.414,2.95,Trial 20,86.3824,1191.72,1108.56,0.473847,37,0.204819277
150,150T20H,high,20,female,0.548,0.519,0.519,3.1,Trial 42,2242.23,844.34,442.26,0.786285,56,0.265822785
151,151T20H,high,20,female,0.778,0.756,0.756,3.51,Trial 7,1238.79,1009.7,176.48,0.846537,,
152,152T20H,high,20,male,0.595,0.534,0.534,3.12,Trial 34,2810.33,645.38,153.92,2.42818,27,0.190476191
153,153T20H,high,20,female,0.471,0.452,0.452,3,Trial 34,2074.4,789.94,580.24,0.486893,13,0.111111111
154,154T20H,high,20,female,0.647,0.619,0.619,3.25,Trial 27,67.9135,288.44,0,0.104143,61,0.075268817
155,155T20H,high,20,male,0.768,0.748,0.748,3.55,Trial 20,1094.5,905.66,9.44,0.36001,37,0.123595506
156,156T20H,high,20,male,0.728,0.676,0.676,3.4,Trial 27,1174.65,1029.08,172.06,0.21978,26,0.204819277
157,PIL-6,control,21,male,,0.252,0.252,2.49,Trial 40,1368.71,1046.24,737.34,1.14063,29,0.204819277
